ImagePath,MaskPath
PKHL_15 220831_201030_BN011_036.jpg,PKHL_15 220831_201030_BN011_036.jpg
PKHL_15 220831_201028_BN028_022.jpg,PKHL_15 220831_201028_BN028_022.jpg
PKHL_15 220831_201031_BN045_054.jpg,PKHL_15 220831_201031_BN045_054.jpg
PKHL_15 220831_201030_BN025_004.jpg,PKHL_15 220831_201030_BN025_004.jpg
PKHL_15 220831_201030_BN057_037.jpg,PKHL_15 220831_201030_BN057_037.jpg
PKHL_15 220831_201029_BN043_031.jpg,PKHL_15 220831_201029_BN043_031.jpg
PKHL_15 220831_201028_BN012_026.jpg,PKHL_15 220831_201028_BN012_026.jpg
PKHL_15 220831_201028_BN054_036.jpg,PKHL_15 220831_201028_BN054_036.jpg
PKHL_15 220831_201031_BN073_017.jpg,PKHL_15 220831_201031_BN073_017.jpg
PKHL_15 220831_201028_BN036_030.jpg,PKHL_15 220831_201028_BN036_030.jpg
PKHL_15 220831_201027_BN087_011.jpg,PKHL_15 220831_201027_BN087_011.jpg
PKHL_15 220831_201102_BN032_029.jpg,PKHL_15 220831_201102_BN032_029.jpg
PKHL_15 220831_201028_BN036_023.jpg,PKHL_15 220831_201028_BN036_023.jpg
PKHL_15 220831_201026_BN038_011.jpg,PKHL_15 220831_201026_BN038_011.jpg
PKHL_15 220831_201027_BN087_010.jpg,PKHL_15 220831_201027_BN087_010.jpg
PKHL_15 220831_201027_BN087_028.jpg,PKHL_15 220831_201027_BN087_028.jpg
PKHL_15 220831_201027_BN093_012.jpg,PKHL_15 220831_201027_BN093_012.jpg
PKHL_15 220831_201029_BN041_023.jpg,PKHL_15 220831_201029_BN041_023.jpg
PKHL_15 220831_201102_BN029_029.jpg,PKHL_15 220831_201102_BN029_029.jpg
PKHL_15 220831_201028_BN028_023.jpg,PKHL_15 220831_201028_BN028_023.jpg
PKHL_15 220831_201026_BN032_033.jpg,PKHL_15 220831_201026_BN032_033.jpg
PKHL_15 220831_201027_BN087_023.jpg,PKHL_15 220831_201027_BN087_023.jpg
PKHL_15 220831_201028_BN021_003.jpg,PKHL_15 220831_201028_BN021_003.jpg
PKHL_15 220831_201028_BN026_041.jpg,PKHL_15 220831_201028_BN026_041.jpg
PKHL_15 220831_201028_BN026_017.jpg,PKHL_15 220831_201028_BN026_017.jpg
PKHL_15 220831_201029_BN043_032.jpg,PKHL_15 220831_201029_BN043_032.jpg
PKHL_15 220831_201028_BN003_051.jpg,PKHL_15 220831_201028_BN003_051.jpg
PKHL_15 220831_201028_BN061_002.jpg,PKHL_15 220831_201028_BN061_002.jpg
PKHL_15 220831_201029_BN041_022.jpg,PKHL_15 220831_201029_BN041_022.jpg
PKHL_15 220831_201031_BN073_051.jpg,PKHL_15 220831_201031_BN073_051.jpg
PKHL_15 220831_201030_BN057_036.jpg,PKHL_15 220831_201030_BN057_036.jpg
PKHL_15 220831_201030_BN045_045.jpg,PKHL_15 220831_201030_BN045_045.jpg
PKHL_15 220831_201028_BN026_032.jpg,PKHL_15 220831_201028_BN026_032.jpg
PKHL_15 220831_201031_BN005_018.jpg,PKHL_15 220831_201031_BN005_018.jpg
PKHL_15 220831_201102_BN054_035.jpg,PKHL_15 220831_201102_BN054_035.jpg
PKHL_15 220831_201026_BN036_012.jpg,PKHL_15 220831_201026_BN036_012.jpg
PKHL_15 220831_201028_BN045_030.jpg,PKHL_15 220831_201028_BN045_030.jpg
PKHL_15 220831_201030_BN004_026.jpg,PKHL_15 220831_201030_BN004_026.jpg
PKHL_15 220831_201030_BN006_028.jpg,PKHL_15 220831_201030_BN006_028.jpg
PKHL_15 220831_201028_BN003_048.jpg,PKHL_15 220831_201028_BN003_048.jpg
PKHL_15 220831_201028_BN056_045.jpg,PKHL_15 220831_201028_BN056_045.jpg
PKHL_15 220831_201028_BN030_021.jpg,PKHL_15 220831_201028_BN030_021.jpg
PKHL_15 220831_201031_BN073_052.jpg,PKHL_15 220831_201031_BN073_052.jpg
PKHL_15 220831_201030_BN049_034.jpg,PKHL_15 220831_201030_BN049_034.jpg
PKHL_15 220831_201029_BN043_036.jpg,PKHL_15 220831_201029_BN043_036.jpg
PKHL_15 220831_201028_BN054_035.jpg,PKHL_15 220831_201028_BN054_035.jpg
PKHL_15 220831_201028_BN026_014.jpg,PKHL_15 220831_201028_BN026_014.jpg
PKHL_15 220831_201030_BN025_033.jpg,PKHL_15 220831_201030_BN025_033.jpg
PKHL_15 220831_201030_BN021_009.jpg,PKHL_15 220831_201030_BN021_009.jpg
PKHL_15 220831_201029_BN046_025.jpg,PKHL_15 220831_201029_BN046_025.jpg
PKHL_15 220831_201031_BN073_022.jpg,PKHL_15 220831_201031_BN073_022.jpg
PKHL_15 220831_201030_BN011_047.jpg,PKHL_15 220831_201030_BN011_047.jpg
PKHL_15 220831_201028_BN054_034.jpg,PKHL_15 220831_201028_BN054_034.jpg
PKHL_15 220831_201030_BN018_016.jpg,PKHL_15 220831_201030_BN018_016.jpg
PKHL_15 220831_201028_BN036_019.jpg,PKHL_15 220831_201028_BN036_019.jpg
PKHL_15 220831_201028_BN012_022.jpg,PKHL_15 220831_201028_BN012_022.jpg
